dcterms:identifier,dcterms:relation
ZAH001,144|145|146|147|148
ZDH018,149|150|151|152|153
ZEH019,154|155|156|157|158
ZEH021,159|160|161|162|163
ZFC022,164|165|166|167|168
ZFC023,169|170|171|172|173
ZGG024,174|175|176|177|178
ZGG025,179|180|181|182|183
ZGG026,184|185|186|187|188
ZGG027,189|190|191|192|193
ZGG028,194|195|196|197|198
ZGG029,199|200|201|202|203
ZGG030,204|205|206|207|208
ZHG031,209|210|211|212|213
ZHG032,214|215|216|217|218
ZHG034,219|220|221|222|223
ZHG035,224|225|226|227|228
ZHG036,229|230|231|232|233
ZHG037,234|235|236|237|238
ZIG038,239|240|241|242|243
ZIG039,244|245|246|247|248
ZIG040,249|250|251|252|253
ZIG041,254|255|256|257|258
ZIG042,259|260|261|262|263
ZIG043,264|265|266|267|268
ZIG044,269|270|271|272|273
ZIG045,274|275|276|277|278
ZJG046,279|280|281|282|283
ZJG047,284|285|286|287|288
ZJG048,289|290|291|292|293
ZJG049,294|295|296|297|298
ZJG050,299|300|301|302|303
ZJG051,304|305|306|307|308
ZJG052,309|310|311|312|313
ZKG053,314|315|316|317|318
ZKG054,319|320|321|322|323
ZKG055,324|325|326|327|328
ZKG056,329|330|331|332|333
PEG001,334|335|336|337|338
PKG002,339|340|341|342|343
PBH003,344|345|346|347|348
PBG004,349|350|351|352|353
PCG006,354|355|356|357|358
PDG007,359|360|361|362|363
PEG010,364|365|366|367|368
PEG011,369|370|371|372|373
PEG012,374|375|376|377|378
PEG013,379|380|381|382|383
PEG014,384|385|386|387|388
PEG015,389|390|391|392|393
PEG016,394|395|396|397|398
PGG018,399|400|401|402|403
PGG019,404|405|406|407|408
PGG020,409|410|411|412|413
PGG021,414|415|416|417|418
PHG028,419|420|421|422|423
PIG029,424|425|426|427|428
PIG030,429|430|431|432|433
PIG031,434|435|436|437|438
PKA035,439|440|441|442|443
PLA036,444|445|446|447|448
PIB038,449|450|451|452|453
PDN039,454|455|456|457|458
PDN040,459|460|461|462|463
PEJ041,464|465|466|467|468
PEJ042,469|470|471|472|473
PEI043,474|475|476|477|478
PEK045,479|480|481|482|483
PIL046,484|485|486|487|488
PEO048,489|490|491|492|493
